1,3,13,03-03-2021,
1,15,16,2021-03-03,2021-03-03
1,30,31,2021-03-03,
1,31,32,2021-03-03,
1,32,33,2021-03-03,
3,6,36,2021-03-03,2021-03-03
3,126,3126,2021-03-03,
3,123,3123,2021-03-04,2021-03-04
1,123,1123,2021-03-04,2021-03-04
1,123,1123,2021-03-04,2021-03-04
3,123,3123,2021-03-04,2021-03-04
1,124,1124,2021-03-04,2021-03-04
1,124,1124,2021-03-04,2021-03-04
44,124,44124,2021-03-04,
87,124,87124,2021-03-05,2021-03-05
87,124,87124,2021-03-05,2021-03-05
87,124,87124,2021-03-05,2021-03-05
87,124,87124,2021-03-05,2021-03-05
87,124,87124,2021-03-05,2021-03-05
87,124,87124,2021-03-05,2021-03-05
87,124,87124,2021-03-05,2021-03-05
87,124,87124,2021-03-05,
